model_id,source_path,source_format,composition,tpot_K,adiabat_K_km,d_main_km,w_main_km,d_800_km,w_800_km,d_1000_km,w_1000_km,d_1200_km,w_1200_km,d_1600_km,w_1600_km,mean_p_misfit,mean_s_misfit,total_misfit,mean_p_cc,mean_s_cc,used_events
CD_model70,/home/lyara/areswave/models_short/CD_model70.nd,nd,UNK,,,,60.0,,60.0,,60.0,,60.0,,60.0,0.3714526520099052,0.46512538291053335,0.43390113927699064,0.6285473479900949,0.5348746170894667,5
CD_model20,/home/lyara/areswave/models_short/CD_model20.nd,nd,UNK,,,,60.0,,60.0,,60.0,,60.0,,60.0,0.2742713195967763,0.5146651394451324,0.434533866162347,0.7257286804032237,0.4853348605548676,5
Geophysical_model50,/home/lyara/areswave/models_short/Geophysical_model50.nd,nd,UNK,,,982.805,60.0,860.982,195.08799999999997,982.805,60.0,1115.292,16.56100000000015,1677.564,60.0,0.4319137164949011,0.44665886980483227,0.4417438187015219,0.5680862835050989,0.5533411301951677,5
CD_model50,/home/lyara/areswave/models_short/CD_model50.npz,npz,UNK,,,,60.0,,60.0,,60.0,,60.0,,60.0,0.345923009450355,0.5074312640462747,0.4535951791809681,0.6540769905496451,0.4925687359537253,5
CD_model90,/home/lyara/areswave/models_short/CD_model90.nd,nd,UNK,,,,60.0,,60.0,,60.0,,60.0,,60.0,0.36192622791222206,0.5216167621105828,0.4683865840444626,0.6380737720877778,0.47838323788941717,5
CD_model100,/home/lyara/areswave/models_short/CD_model100.nd,nd,UNK,,,,60.0,,60.0,,60.0,,60.0,,60.0,0.29944618510801124,0.5545155712533738,0.46949244253825295,0.7005538148919888,0.4454844287466263,5
Geophysical_model180,/home/lyara/areswave/models_short/Geophysical_model180.nd,nd,UNK,,,966.993,60.0,856.89,193.99599999999998,966.993,60.0,1117.726,33.496999999999844,1684.345,60.0,0.4545631108074556,0.4796503719124784,0.4712879515441375,0.5454368891925444,0.5203496280875216,5
Geophysical_model450,/home/lyara/areswave/models_short/Geophysical_model450.nd,nd,UNK,,,966.559,60.0,900.0,181.65099999999995,966.559,60.0,1116.317,16.638999999999896,1680.417,60.0,0.4151937947747001,0.499392948556287,0.47132656396242467,0.5848062052252999,0.500607051443713,5
MD_model50,/home/lyara/areswave/models_short/MD_model50.nd,nd,UNK,,,1043.775,60.0,704.13,186.25699999999995,1043.775,60.0,1295.769,186.25700000000006,1649.586,60.0,0.5260620791100794,0.44550853968515297,0.47235971949346184,0.4739379208899206,0.554491460314847,5
Geophysical_model350,/home/lyara/areswave/models_short/Geophysical_model350.nd,nd,UNK,,,999.844,60.0,878.82,190.61599999999999,999.844,60.0,1116.329,16.6400000000001,1680.452,60.0,0.39397111130628226,0.5151815573825222,0.4747780753571089,0.6060288886937177,0.4848184426174778,5
Geophysical_model910,/home/lyara/areswave/models_short/Geophysical_model910.nd,nd,UNK,,,950.007,60.0,900.0,179.014,950.007,60.0,1133.367,33.337999999999965,1681.481,60.0,0.5891457064001369,0.42987505523438785,0.48296527228963754,0.41085429359986325,0.5701249447656122,5
AK_model_60,/home/lyara/areswave/models_short/AK_model_60.nd,nd,UNK,,,997.761,60.0,820.36,25.34299999999996,997.761,60.0,1175.162,101.37199999999984,1686.32,60.0,0.3973828452298122,0.5354520608728403,0.4894289889918309,0.6026171547701876,0.4645479391271598,5
Geophysical_model650,/home/lyara/areswave/models_short/Geophysical_model650.nd,nd,UNK,,,916.714,60.0,876.024,191.80700000000002,916.714,60.0,1117.284,33.42800000000011,1683.113,60.0,0.42399991587274277,0.5240898175036304,0.4907265169600012,0.5760000841272573,0.4759101824963697,5
Geophysical_model30,/home/lyara/areswave/models_short/Geophysical_model30.nd,nd,UNK,,,966.367,60.0,900.0,189.356,966.367,60.0,1115.693,16.5920000000001,1678.681,60.0,0.47285492091994286,0.5042676786451394,0.4937967594034072,0.5271450790800571,0.4957323213548605,5
Geophysical_model830,/home/lyara/areswave/models_short/Geophysical_model830.nd,nd,UNK,,,966.709,60.0,875.782,193.74599999999998,966.709,60.0,1133.481,33.35500000000002,1681.776,60.0,0.48163701908590395,0.5009366392483121,0.49450343252750945,0.518362980914096,0.499063360751688,5
Geophysical_model310,/home/lyara/areswave/models_short/Geophysical_model310.nd,nd,UNK,,,1016.326,60.0,878.266,195.60199999999998,1016.326,60.0,1132.652,33.235999999999876,1679.631,60.0,0.41654771428448034,0.5346728758817332,0.49529782201598227,0.5834522857155197,0.46532712411826677,5
CD_model80,/home/lyara/areswave/models_short/CD_model80.nd,nd,UNK,,,,60.0,,60.0,,60.0,,60.0,,60.0,0.3425780773590247,0.5722361129335611,0.4956834344087156,0.6574219226409753,0.4277638870664389,5
CD_model40,/home/lyara/areswave/models_short/CD_model40.nd,nd,UNK,,,,60.0,,60.0,,60.0,,60.0,,60.0,0.2553717440426295,0.6189305690809574,0.4977442940681815,0.7446282559573705,0.38106943091904266,5
CD_model1,/home/lyara/areswave/models_short/CD_model1.nd,nd,UNK,,,,60.0,,60.0,,60.0,,60.0,,60.0,0.3939006385563585,0.5523661966187323,0.49954434393127434,0.6060993614436416,0.44763380338126774,5
Geophysical_model10,/home/lyara/areswave/models_short/Geophysical_model10.nd,nd,UNK,,,983.111,60.0,878.833,190.50300000000004,983.111,60.0,1116.088,16.62200000000007,1679.781,60.0,0.4132698935098708,0.544424690163685,0.5007064246124137,0.5867301064901291,0.455575309836315,5
CD_model60,/home/lyara/areswave/models_short/CD_model60.nd,nd,UNK,,,,60.0,,60.0,,60.0,,60.0,,60.0,0.3103482262611568,0.5967233854415186,0.5012649990480647,0.6896517737388431,0.4032766145584814,5
Geophysical_model930,/home/lyara/areswave/models_short/Geophysical_model930.nd,nd,UNK,,,1085.282,60.0,900.0,29.508000000000038,1085.282,60.0,1102.126,16.84400000000005,1687.809,60.0,0.48335130249337643,0.5187942499583833,0.5069799341367144,0.5166486975066236,0.48120575004161675,5
Geophysical_model950,/home/lyara/areswave/models_short/Geophysical_model950.nd,nd,UNK,,,950.057,60.0,900.0,199.649,950.057,60.0,1133.601,33.371000000000095,1682.084,60.0,0.4990426698083176,0.5151291988435187,0.5097670224984516,0.5009573301916824,0.48487080115648123,5
Geophysical_model70,/home/lyara/areswave/models_short/Geophysical_model70.nd,nd,UNK,,,1000.927,60.0,900.0,186.95600000000002,1000.927,60.0,1135.497,33.64300000000003,1686.989,60.0,0.38964504603798966,0.5707340667797545,0.5103710598658329,0.6103549539620103,0.42926593322024564,5
Geophysical_model620,/home/lyara/areswave/models_short/Geophysical_model620.nd,nd,UNK,,,933.4,60.0,900.0,184.22799999999995,933.4,60.0,1117.102,33.399999999999864,1682.605,60.0,0.5670596460181219,0.4847425410932568,0.5121815760682118,0.4329403539818782,0.5152574589067431,5
Geophysical_model200,/home/lyara/areswave/models_short/Geophysical_model200.nd,nd,UNK,,,933.606,60.0,900.0,183.88699999999994,933.606,60.0,1101.635,16.80300000000011,1686.328,60.0,0.5684518368685257,0.48819741413605267,0.5149488883802104,0.43154816313147426,0.5118025858639472,5
Geophysical_model120,/home/lyara/areswave/models_short/Geophysical_model120.nd,nd,UNK,,,1033.184,60.0,900.0,188.139,1033.184,60.0,1133.072,33.29500000000007,1680.716,60.0,0.4385802287618602,0.5582932970720365,0.5183889409686443,0.5614197712381398,0.4417067029279636,5
Geophysical_model870,/home/lyara/areswave/models_short/Geophysical_model870.nd,nd,UNK,,,900.0,60.0,859.178,183.70100000000002,900.0,60.0,1106.522,17.210000000000036,1502.356,68.83999999999992,0.5287692476437262,0.5143321624527627,0.5191445241830839,0.4712307523562737,0.4856678375472373,5
Geophysical_model260,/home/lyara/areswave/models_short/Geophysical_model260.nd,nd,UNK,,,982.805,60.0,860.802,195.98800000000006,982.805,60.0,1115.292,16.56100000000015,1677.564,60.0,0.4384444325503689,0.5615222757007304,0.5204963279839433,0.5615555674496311,0.43847772429926957,5
Geophysical_model340,/home/lyara/areswave/models_short/Geophysical_model340.nd,nd,UNK,,,1001.133,60.0,861.553,192.23400000000004,1001.133,60.0,1119.121,33.71100000000001,1688.231,60.0,0.48412533649227063,0.5390402626986388,0.5207352872965161,0.5158746635077293,0.4609597373013612,5
Geophysical_model1000,/home/lyara/areswave/models_short/Geophysical_model1000.nd,nd,UNK,,,966.993,60.0,878.426,194.16700000000003,966.993,60.0,1117.726,33.496999999999844,1684.345,60.0,0.4161173880886026,0.5731987766380324,0.5208383137882225,0.5838826119113973,0.42680122336196763,5
Geophysical_model290,/home/lyara/areswave/models_short/Geophysical_model290.nd,nd,UNK,,,1001.133,60.0,861.561,192.197,1001.133,60.0,1119.121,33.71100000000001,1688.231,60.0,0.43256824518734777,0.5689442684663059,0.5234855940399865,0.5674317548126522,0.43105573153369425,5
Geophysical_model710,/home/lyara/areswave/models_short/Geophysical_model710.nd,nd,UNK,,,900.0,60.0,900.0,22.456999999999994,900.0,60.0,1101.621,16.801999999999907,1686.284,60.0,0.5010176831886525,0.5357407801920442,0.524166414524247,0.4989823168113475,0.46425921980795587,5
Geophysical_model900,/home/lyara/areswave/models_short/Geophysical_model900.nd,nd,UNK,,,916.728,60.0,875.978,192.17600000000004,916.728,60.0,1117.467,33.455999999999904,1683.622,60.0,0.5721972955330019,0.5001607868763633,0.5241729564285762,0.42780270446699803,0.49983921312363666,5
Geophysical_model770,/home/lyara/areswave/models_short/Geophysical_model770.nd,nd,UNK,,,950.781,60.0,900.0,183.56899999999996,950.781,60.0,1136.977,33.85400000000004,1690.818,60.0,0.46674597832193143,0.5530533542120271,0.5242842289153286,0.5332540216780686,0.44694664578797294,5
Geophysical_model850,/home/lyara/areswave/models_short/Geophysical_model850.nd,nd,UNK,,,950.127,60.0,900.0,199.68399999999997,950.127,60.0,1133.926,50.12699999999995,1682.926,60.0,0.5554398436356849,0.5087715519130633,0.5243276491539371,0.4445601563643152,0.4912284480869367,5
CD_model10,/home/lyara/areswave/models_short/CD_model10.nd,nd,UNK,,,,60.0,,60.0,,60.0,,60.0,,60.0,0.3657131368928995,0.6066338645606186,0.5263269553380456,0.6342868631071005,0.39336613543938137,5
Geophysical_model160,/home/lyara/areswave/models_short/Geophysical_model160.nd,nd,UNK,,,1001.362,60.0,862.062,189.68899999999996,1001.362,60.0,1119.617,33.78800000000001,1689.612,60.0,0.528170090178417,0.5285614790378725,0.5284310160847207,0.471829909821583,0.4714385209621275,5
Geophysical_model760,/home/lyara/areswave/models_short/Geophysical_model760.nd,nd,UNK,,,1050.167,60.0,900.0,21.375999999999976,1050.167,60.0,1100.223,33.371000000000095,1682.066,60.0,0.5681846033349235,0.509824375850114,0.5292777850117171,0.4318153966650765,0.49017562414988614,5
maak,/home/lyara/areswave/models_short/maak.npz,npz,UNK,,,1084.528,60.0,858.423,180.88400000000001,1084.528,60.0,1174.97,90.44200000000001,1695.01,22.6099999999999,0.5437653112136809,0.5227119662027531,0.5297297478730624,0.4562346887863192,0.4772880337972468,5
CD_model30,/home/lyara/areswave/models_short/CD_model30.nd,nd,UNK,,,,60.0,,60.0,,60.0,,60.0,,60.0,0.36078303392870237,0.6142705940881145,0.5297747407016438,0.6392169660712976,0.3857294059118856,5
Geophysical_model440,/home/lyara/areswave/models_short/Geophysical_model440.nd,nd,UNK,,,966.559,60.0,900.0,181.32500000000005,966.559,60.0,1116.317,16.638999999999896,1680.417,60.0,0.43108107943984564,0.5863482920824884,0.5345925545349408,0.5689189205601544,0.4136517079175116,5
Geophysical_model940,/home/lyara/areswave/models_short/Geophysical_model940.nd,nd,UNK,,,933.35,60.0,853.741,185.034,933.35,60.0,1116.776,33.34999999999991,1681.697,60.0,0.5182697586187287,0.5428435952070962,0.5346523163443071,0.4817302413812713,0.4571564047929038,5
Geophysical_model240,/home/lyara/areswave/models_short/Geophysical_model240.nd,nd,UNK,,,999.801,60.0,878.469,193.77800000000002,999.801,60.0,1116.236,16.63299999999981,1680.192,60.0,0.4466362723718749,0.5852069125225459,0.5390166991389889,0.5533637276281251,0.41479308747745397,5
Geophysical_model430,/home/lyara/areswave/models_short/Geophysical_model430.nd,nd,UNK,,,982.965,60.0,878.763,191.13199999999995,982.965,60.0,1115.708,16.592999999999847,1678.723,60.0,0.45617832286322224,0.5817135528038841,0.5398684761569968,0.5438216771367778,0.41828644719611585,5
Geophysical_model920,/home/lyara/areswave/models_short/Geophysical_model920.nd,nd,UNK,,,949.962,60.0,900.0,178.86800000000005,949.962,60.0,1133.157,33.30799999999999,1680.937,60.0,0.5219304487683273,0.5489117343421184,0.5399179724841879,0.4780695512316727,0.4510882656578817,5
AK_model_70,/home/lyara/areswave/models_short/AK_model_70.nd,nd,UNK,,,1060.0,60.0,825.0,25.0,1060.0,60.0,1300.0,75.0,1634.964,60.0,0.5644740669716514,0.5330800699574463,0.543544735628848,0.43552593302834863,0.4669199300425538,5
Geophysical_model520,/home/lyara/areswave/models_short/Geophysical_model520.nd,nd,UNK,,,933.507,60.0,900.0,193.37099999999998,933.507,60.0,1117.798,33.506999999999834,1684.543,60.0,0.5624221913274838,0.5347383858593402,0.5439663210153881,0.43757780867251617,0.46526161414065975,5
Geophysical_model670,/home/lyara/areswave/models_short/Geophysical_model670.nd,nd,UNK,,,933.507,60.0,900.0,193.37099999999998,933.507,60.0,1117.798,33.506999999999834,1684.543,60.0,0.5624221913274838,0.5347383858593402,0.5439663210153881,0.43757780867251617,0.46526161414065975,5
Geophysical_model890,/home/lyara/areswave/models_short/Geophysical_model890.nd,nd,UNK,,,917.024,60.0,877.908,198.82600000000002,917.024,60.0,1121.318,34.04899999999998,1694.351,60.0,0.5487389015197726,0.5416120227520418,0.543987649007952,0.4512610984802274,0.4583879772479582,5
Geophysical_model270,/home/lyara/areswave/models_short/Geophysical_model270.nd,nd,UNK,,,1001.288,60.0,880.467,195.33399999999995,1001.288,60.0,1119.457,33.76299999999992,1689.167,60.0,0.5590811088045428,0.5368750321070085,0.5442770576728533,0.44091889119545724,0.4631249678929915,5
Geophysical_model780,/home/lyara/areswave/models_short/Geophysical_model780.nd,nd,UNK,,,916.707,60.0,875.814,193.485,916.707,60.0,1117.197,33.414999999999964,1682.87,60.0,0.5545654851975058,0.5396281197521879,0.5446072415672939,0.4454345148024942,0.460371880247812,5
Geophysical_model700,/home/lyara/areswave/models_short/Geophysical_model700.nd,nd,UNK,,,916.847,60.0,879.958,180.37400000000002,916.847,60.0,1119.005,33.69300000000021,1687.906,60.0,0.5786201281337616,0.5280529266513557,0.5449086604788244,0.4213798718662384,0.47194707334864416,5
AK_model_20,/home/lyara/areswave/models_short/AK_model_20.nd,nd,UNK,,,1062.423,60.0,820.847,26.841999999999985,1062.423,60.0,1277.158,26.84199999999987,1702.21,60.0,0.47285258593793944,0.5811121469663707,0.5450256266235604,0.5271474140620606,0.4188878530336292,5
AK_model_80,/home/lyara/areswave/models_short/AK_model_80.nd,nd,UNK,,,1048.834,60.0,845.714,25.3900000000001,1048.834,60.0,1277.345,50.77999999999997,1687.555,60.0,0.5357720132084178,0.5523147750560398,0.5468005211068324,0.4642279867915821,0.44768522494396024,5
Geophysical_model590,/home/lyara/areswave/models_short/Geophysical_model590.nd,nd,UNK,,,916.672,60.0,876.867,185.067,916.672,60.0,1116.735,33.343999999999824,1681.583,60.0,0.6425684354910567,0.49957211488338754,0.547237555085944,0.3574315645089433,0.5004278851166124,5
Geophysical_model140,/home/lyara/areswave/models_short/Geophysical_model140.nd,nd,UNK,,,965.752,60.0,900.0,181.09500000000003,965.752,60.0,1113.693,16.437000000000126,1673.108,60.0,0.453049830457467,0.5946797322451591,0.5474697649825951,0.546950169542533,0.4053202677548409,5
EH45TcoldCrust1b,/home/lyara/areswave/models_short/EH45TcoldCrust1b.nd,nd,EH45,,,1011.944,60.0,815.86,17.826000000000022,1011.944,60.0,1261.506,196.08399999999983,1690.803,60.0,0.5155829650827218,0.5636381445156269,0.5476197513713252,0.4844170349172782,0.4363618554843732,5
EH45TcoldCrust1,/home/lyara/areswave/models_short/EH45TcoldCrust1.nd,nd,EH45,,,1011.944,60.0,815.86,17.826000000000022,1011.944,60.0,1261.506,196.08399999999983,1690.803,60.0,0.5155829650827218,0.5636381445156269,0.5476197513713252,0.4844170349172782,0.4363618554843732,5
Geophysical_model690,/home/lyara/areswave/models_short/Geophysical_model690.nd,nd,UNK,,,900.0,60.0,900.0,179.96799999999996,900.0,60.0,1118.266,33.57899999999995,1685.847,60.0,0.5384418727975149,0.552666737697542,0.5479251160641997,0.461558127202485,0.44733326230245796,5
Geophysical_model400,/home/lyara/areswave/models_short/Geophysical_model400.nd,nd,UNK,,,949.523,60.0,900.0,191.149,949.523,60.0,1114.598,16.507000000000062,1675.63,60.0,0.4518106523714486,0.5969612597929446,0.5485777239857792,0.5481893476285513,0.4030387402070554,5
Geophysical_model860,/home/lyara/areswave/models_short/Geophysical_model860.nd,nd,UNK,,,933.943,60.0,900.0,186.52700000000004,933.943,60.0,1120.631,33.942999999999984,1692.437,60.0,0.4638354908354554,0.5910218697236415,0.5486264100942461,0.5361645091645446,0.40897813027635854,5
Geophysical_model460,/home/lyara/areswave/models_short/Geophysical_model460.nd,nd,UNK,,,1016.377,60.0,900.0,198.875,1016.377,60.0,1116.129,33.251000000000204,1679.896,60.0,0.5147417930962377,0.5674349664987947,0.549870575364609,0.48525820690376237,0.43256503350120534,5
Geophysical_model480,/home/lyara/areswave/models_short/Geophysical_model480.nd,nd,UNK,,,999.558,60.0,878.726,191.466,999.558,60.0,1115.708,16.592999999999847,1678.723,60.0,0.48774672680966,0.5822625795801217,0.5507572953233012,0.51225327319034,0.41773742041987816,5
Geophysical_model100,/home/lyara/areswave/models_short/Geophysical_model100.nd,nd,UNK,,,1033.219,60.0,877.55,179.596,1033.219,60.0,1133.134,33.305000000000064,1680.877,60.0,0.5615663295260035,0.5458594996439503,0.5510951096046347,0.4384336704739965,0.4541405003560497,5
Geophysical_model220,/home/lyara/areswave/models_short/Geophysical_model220.nd,nd,UNK,,,982.959,60.0,900.0,190.42999999999995,982.959,60.0,1115.693,16.5920000000001,1678.681,60.0,0.5710045893044364,0.5415600161829116,0.5513748738900865,0.4289954106955635,0.45843998381708834,5
SANAK,/home/lyara/areswave/models_short/SANAK.nd,nd,UNK,,,755.2258,60.0,755.2258,503.48389999999984,755.2258,60.0,755.2258,1006.9678,1785.6487,23.455099999999902,0.3521753706547737,0.6526954297141152,0.5525220766943347,0.6478246293452263,0.3473045702858848,5
MD_model1,/home/lyara/areswave/models_short/MD_model1.nd,nd,UNK,,,998.962,60.0,781.126,10.372999999999934,998.962,60.0,1102.693,197.08999999999992,1598.079,60.0,0.5601842698850421,0.5491612065611784,0.5528355610024663,0.439815730114958,0.45083879343882155,5
Geophysical_model60,/home/lyara/areswave/models_short/Geophysical_model60.nd,nd,UNK,,,966.712,60.0,900.0,192.40499999999997,966.712,60.0,1116.813,33.355999999999995,1681.8,60.0,0.4373096573093463,0.6114126489914365,0.5533783184307398,0.5626903426906538,0.3885873510085634,5
Geophysical_model320,/home/lyara/areswave/models_short/Geophysical_model320.nd,nd,UNK,,,983.203,60.0,878.839,190.447,983.203,60.0,1116.329,16.6400000000001,1680.452,60.0,0.44580168454153773,0.6081462201503667,0.5540313749474237,0.5541983154584622,0.39185377984963327,5
Geophysical_model730,/home/lyara/areswave/models_short/Geophysical_model730.nd,nd,UNK,,,933.948,60.0,900.0,185.625,933.948,60.0,1120.665,33.947999999999865,1692.531,60.0,0.503982900111652,0.5846771303258699,0.5577790535877972,0.49601709988834797,0.4153228696741301,5
MD_model40,/home/lyara/areswave/models_short/MD_model40.nd,nd,UNK,,,1052.24,60.0,752.637,181.90200000000004,1052.24,60.0,1266.242,32.09999999999991,1614.318,60.0,0.5012202051576626,0.5895882984328775,0.5601322673411392,0.4987797948423374,0.41041170156712237,5
Geophysical_model150,/home/lyara/areswave/models_short/Geophysical_model150.nd,nd,UNK,,,1099.378,60.0,900.0,179.668,1099.378,60.0,1115.993,16.614000000000033,1679.515,60.0,0.4687901565796525,0.60643593508215,0.5605540089146509,0.5312098434203475,0.39356406491784995,5
Geophysical_model170,/home/lyara/areswave/models_short/Geophysical_model170.nd,nd,UNK,,,1096.935,60.0,900.0,199.07799999999997,1096.935,60.0,1146.169,32.822999999999865,1672.143,60.0,0.596185895909939,0.5433145871136593,0.5609383567124192,0.40381410409006097,0.4566854128863406,5
Geophysical_model840,/home/lyara/areswave/models_short/Geophysical_model840.nd,nd,UNK,,,950.057,60.0,900.0,178.01199999999994,950.057,60.0,1133.601,33.371000000000095,1682.084,60.0,0.5821108804264001,0.550376423667582,0.5609545759205213,0.41788911957359975,0.4496235763324181,5
Geophysical_model750,/home/lyara/areswave/models_short/Geophysical_model750.nd,nd,UNK,,,916.648,60.0,877.568,179.45600000000002,916.648,60.0,1116.419,16.64799999999991,1680.704,60.0,0.5598239760494955,0.5629037176574478,0.5618771371214638,0.4401760239505045,0.43709628234255227,5
Geophysical_model380,/home/lyara/areswave/models_short/Geophysical_model380.nd,nd,UNK,,,1047.105,60.0,900.0,187.49099999999999,1047.105,60.0,1145.175,32.690000000000055,1669.744,60.0,0.48591712792794367,0.6005106839148873,0.5623128319192394,0.5140828720720563,0.3994893160851128,5
Geophysical_model530,/home/lyara/areswave/models_short/Geophysical_model530.nd,nd,UNK,,,1086.696,60.0,900.0,21.399999999999977,1086.696,60.0,1103.669,16.97199999999998,1692.465,60.0,0.5968458400434817,0.5483093930756201,0.564488208731574,0.4031541599565183,0.4516906069243799,5
Geophysical_model600,/home/lyara/areswave/models_short/Geophysical_model600.nd,nd,UNK,,,1098.51,60.0,900.0,23.878000000000043,1098.51,60.0,1115.052,16.54300000000012,1676.896,60.0,0.5566933063797002,0.5693756841164956,0.5651482248708971,0.4433066936202998,0.4306243158835043,5
Geophysical_model470,/home/lyara/areswave/models_short/Geophysical_model470.nd,nd,UNK,,,1063.97,60.0,900.0,188.42200000000003,1063.97,60.0,1145.955,32.79399999999987,1671.628,60.0,0.5556512071004072,0.5719643506540596,0.5665266361361755,0.44434879289959284,0.4280356493459405,5
Geophysical_model210,/home/lyara/areswave/models_short/Geophysical_model210.nd,nd,UNK,,,984.407,60.0,861.669,191.654,984.407,60.0,1119.457,33.76299999999992,1689.167,60.0,0.4953781832630648,0.6025068909692782,0.5667973217338738,0.5046218167369352,0.3974931090307217,5
Geophysical_model230,/home/lyara/areswave/models_short/Geophysical_model230.nd,nd,UNK,,,949.483,60.0,900.0,193.52599999999995,949.483,60.0,1114.426,16.494000000000142,1675.15,60.0,0.5089189605037643,0.5965160262816699,0.5673170043557013,0.49108103949623566,0.4034839737183301,5
Geophysical_model550,/home/lyara/areswave/models_short/Geophysical_model550.nd,nd,UNK,,,1099.489,60.0,900.0,20.990999999999985,1099.489,60.0,1116.113,16.624000000000024,1679.849,60.0,0.4682639856491768,0.6194129231525899,0.5690299439847856,0.5317360143508232,0.3805870768474101,5
Geophysical_model510,/home/lyara/areswave/models_short/Geophysical_model510.nd,nd,UNK,,,1083.742,60.0,900.0,21.40300000000002,1083.742,60.0,1100.446,16.70400000000018,1682.74,60.0,0.5721604929986326,0.5689272020719771,0.5700049657141956,0.42783950700136747,0.43107279792802294,5
Geophysical_model280,/home/lyara/areswave/models_short/Geophysical_model280.nd,nd,UNK,,,999.558,60.0,878.735,191.38400000000001,999.558,60.0,1115.708,16.592999999999847,1678.723,60.0,0.43274753947446704,0.6398160066749282,0.5707931842747745,0.5672524605255329,0.3601839933250718,5
Geophysical_model740,/home/lyara/areswave/models_short/Geophysical_model740.nd,nd,UNK,,,1098.51,60.0,900.0,23.918000000000006,1098.51,60.0,1115.052,16.54300000000012,1676.896,60.0,0.44617752377685793,0.633404621064029,0.5709955886349719,0.5538224762231421,0.36659537893597116,5
Geophysical_model80,/home/lyara/areswave/models_short/Geophysical_model80.nd,nd,UNK,,,1016.377,60.0,900.0,199.21400000000006,1016.377,60.0,1132.755,33.251000000000204,1679.896,60.0,0.46434696775225426,0.6279625823238408,0.5734240441333119,0.5356530322477457,0.3720374176761592,5
Geophysical_model20,/home/lyara/areswave/models_short/Geophysical_model20.nd,nd,UNK,,,966.664,60.0,900.0,186.70399999999995,966.664,60.0,1116.657,16.666000000000167,1681.365,60.0,0.4708174148390084,0.6250809742176984,0.573659787758135,0.5291825851609916,0.3749190257823017,5
Geophysical_model110,/home/lyara/areswave/models_short/Geophysical_model110.nd,nd,UNK,,,1032.978,60.0,900.0,189.19899999999996,1032.978,60.0,1132.711,33.24400000000014,1679.782,60.0,0.5444562312286255,0.5918229433231711,0.576034039291656,0.4555437687713745,0.4081770566768289,5
Geophysical_model410,/home/lyara/areswave/models_short/Geophysical_model410.nd,nd,UNK,,,1099.994,60.0,900.0,181.19100000000003,1099.994,60.0,1116.66,16.66599999999994,1681.374,60.0,0.45951586220031215,0.6349017756186892,0.5764398044792302,0.5404841377996878,0.3650982243813107,5
Geophysical_model500,/home/lyara/areswave/models_short/Geophysical_model500.nd,nd,UNK,,,950.39,60.0,900.0,189.02200000000005,950.39,60.0,1135.153,33.59400000000005,1686.099,60.0,0.5208022927976771,0.608917329868785,0.5795456508450824,0.479197707202323,0.391082670131215,5
MD_model90,/home/lyara/areswave/models_short/MD_model90.nd,nd,UNK,,,1068.089,60.0,754.092,184.067,1068.089,60.0,1252.156,184.067,1624.97,60.0,0.5160390461554704,0.61275205298291,0.5805143840404301,0.48396095384452964,0.38724794701709,5
Geophysical_model190,/home/lyara/areswave/models_short/Geophysical_model190.nd,nd,UNK,,,966.508,60.0,900.0,193.79899999999998,966.508,60.0,1116.152,16.626999999999953,1679.958,60.0,0.5456203810303217,0.5996932589244036,0.581668966293043,0.4543796189696782,0.4003067410755964,5
Geophysical_model960,/home/lyara/areswave/models_short/Geophysical_model960.nd,nd,UNK,,,916.969,60.0,856.194,197.12699999999995,916.969,60.0,1120.603,33.93900000000008,1692.359,60.0,0.6216528436497722,0.5618923136605164,0.5818124903236016,0.37834715635022775,0.4381076863394836,5
Geophysical_model370,/home/lyara/areswave/models_short/Geophysical_model370.nd,nd,UNK,,,966.673,60.0,900.0,188.82299999999998,966.673,60.0,1116.688,33.33600000000001,1681.453,60.0,0.4694776803384899,0.6387589283298584,0.5823318456660689,0.5305223196615101,0.3612410716701415,5
MD_model30,/home/lyara/areswave/models_short/MD_model30.nd,nd,UNK,,,1031.761,60.0,887.465,10.307000000000016,1031.761,60.0,1279.127,154.60400000000004,1586.589,60.0,0.6514518040247,0.5487163204308978,0.5829614816288319,0.34854819597529996,0.45128367956910226,5
Geophysical_model540,/home/lyara/areswave/models_short/Geophysical_model540.nd,nd,UNK,,,916.576,60.0,879.318,186.135,916.576,60.0,1115.488,16.576000000000022,1678.109,60.0,0.524000191343993,0.6125274348652312,0.5830183536914851,0.475999808656007,0.38747256513476885,5
Geophysical_model490,/home/lyara/areswave/models_short/Geophysical_model490.nd,nd,UNK,,,1096.615,60.0,900.0,187.39999999999998,1096.615,60.0,1145.769,32.769000000000005,1671.177,60.0,0.500971849317666,0.6245967561172623,0.5833884538507302,0.499028150682334,0.3754032438827376,5
Geophysical_model820,/home/lyara/areswave/models_short/Geophysical_model820.nd,nd,UNK,,,950.007,60.0,900.0,178.976,950.007,60.0,1133.367,33.337999999999965,1681.481,60.0,0.6355047468933481,0.5592320283218744,0.5846562678456989,0.36449525310665193,0.44076797167812554,5
Geophysical_model40,/home/lyara/areswave/models_short/Geophysical_model40.nd,nd,UNK,,,1063.521,60.0,900.0,197.404,1063.521,60.0,1145.281,32.70399999999995,1669.999,60.0,0.5429065146398495,0.6073610494533053,0.5858762045154867,0.45709348536015054,0.3926389505466947,5
EH45Tcold,/home/lyara/areswave/models_short/EH45Tcold.nd,nd,EH45,,,1002.045,60.0,806.607,16.286000000000058,1002.045,60.0,1262.629,179.15100000000007,1560.287,20.787000000000035,0.49783698257239645,0.6302502411115507,0.5861124882651659,0.5021630174276035,0.36974975888844924,5
Geophysical_model880,/home/lyara/areswave/models_short/Geophysical_model880.nd,nd,UNK,,,916.693,60.0,877.556,179.548,916.693,60.0,1117.015,33.386000000000195,1682.363,60.0,0.6257317051376953,0.566551649064688,0.5862783344223571,0.37426829486230473,0.43344835093531203,5
Geophysical_model660,/home/lyara/areswave/models_short/Geophysical_model660.nd,nd,UNK,,,1097.761,60.0,900.0,24.192999999999984,1097.761,60.0,1114.242,16.480000000000018,1674.637,60.0,0.4431939486853215,0.6580807351839579,0.5864518063510792,0.5568060513146784,0.34191926481604196,5
Geophysical_model810,/home/lyara/areswave/models_short/Geophysical_model810.nd,nd,UNK,,,966.616,60.0,900.0,178.75699999999995,966.616,60.0,1133.157,33.30799999999999,1680.937,60.0,0.5616766774826131,0.5989327841547556,0.5865140819307081,0.4383233225173869,0.40106721584524446,5
AK_model_40,/home/lyara/areswave/models_short/AK_model_40.nd,nd,UNK,,,1044.143,60.0,837.506,25.829999999999927,1044.143,60.0,1276.61,77.4889999999998,1667.377,60.0,0.5310210998618752,0.6159337187860554,0.5876295124779953,0.4689789001381248,0.38406628121394465,5
Geophysical_model990,/home/lyara/areswave/models_short/Geophysical_model990.nd,nd,UNK,,,950.721,60.0,900.0,183.73699999999997,950.721,60.0,1119.792,33.81400000000008,1690.099,60.0,0.4884172823435936,0.6384319720169989,0.588427075459197,0.5115827176564064,0.3615680279830011,5
Geophysical_model360,/home/lyara/areswave/models_short/Geophysical_model360.nd,nd,UNK,,,1047.872,60.0,900.0,189.034,1047.872,60.0,1130.023,32.8599999999999,1672.831,60.0,0.49112219231426923,0.646202029308691,0.5945087503105504,0.5088778076857308,0.3537979706913089,5
Gudkova,/home/lyara/areswave/models_short/Gudkova.nd,nd,UNK,,,819.32,60.0,819.32,307.727,819.32,60.0,1174.566,16.70399999999995,1567.533,90.13499999999999,0.6061651893643905,0.5890956283105663,0.5947854819951743,0.3938348106356096,0.41090437168943367,5
Geophysical_model1,/home/lyara/areswave/models_short/Geophysical_model1.nd,nd,UNK,,,1033.278,60.0,900.0,182.55399999999997,1033.278,60.0,1133.237,33.319999999999936,1681.144,60.0,0.5824390038613649,0.6012523272950894,0.5949812194838479,0.41756099613863507,0.3987476727049105,5
Geophysical_model610,/home/lyara/areswave/models_short/Geophysical_model610.nd,nd,UNK,,,916.648,60.0,900.0,179.42899999999997,916.648,60.0,1116.419,16.64799999999991,1680.704,60.0,0.541049870268542,0.6226500951565083,0.5954500201938528,0.45895012973145805,0.37734990484349185,5
AK_model_2,/home/lyara/areswave/models_short/AK_model_2.nd,nd,UNK,,,1042.278,60.0,836.749,25.69100000000003,1042.278,60.0,1273.498,102.76400000000012,1663.202,60.0,0.5295386602112424,0.6289679049944146,0.5958248234000239,0.47046133978875754,0.37103209500558554,5
Geophysical_model790,/home/lyara/areswave/models_short/Geophysical_model790.nd,nd,UNK,,,900.0,60.0,900.0,197.837,900.0,60.0,1104.416,17.035000000000082,1694.72,60.0,0.6004630068637358,0.5944555996906079,0.5964580687483172,0.3995369931362643,0.4055444003093921,5
AK_model_100,/home/lyara/areswave/models_short/AK_model_100.nd,nd,UNK,,,1074.576,60.0,802.778,27.180000000000064,1074.576,60.0,1292.015,54.36000000000013,1719.458,60.0,0.45929143507836867,0.6718861177381048,0.6010212235181928,0.5407085649216313,0.32811388226189525,5
Geophysical_model970,/home/lyara/areswave/models_short/Geophysical_model970.nd,nd,UNK,,,933.805,60.0,900.0,186.68499999999995,933.805,60.0,1119.733,33.805000000000064,1689.935,60.0,0.7293337909699618,0.5374766305887357,0.6014290173824778,0.27066620903003824,0.46252336941126415,5
Geophysical_model980,/home/lyara/areswave/models_short/Geophysical_model980.nd,nd,UNK,,,916.969,60.0,878.268,195.58399999999995,916.969,60.0,1120.603,33.93900000000008,1692.359,60.0,0.5570610515248036,0.6256679002559863,0.6027989506789254,0.44293894847519644,0.3743320997440138,5
Geophysical_model640,/home/lyara/areswave/models_short/Geophysical_model640.nd,nd,UNK,,,900.0,60.0,877.345,181.23800000000006,900.0,60.0,1119.204,33.72399999999993,1688.461,60.0,0.5853081990767777,0.613892949290607,0.6043646992193306,0.41469180092322244,0.386107050709393,5
MD_model80,/home/lyara/areswave/models_short/MD_model80.nd,nd,UNK,,,1000.561,60.0,786.005,10.216999999999985,1000.561,60.0,1164.033,194.12200000000007,1571.993,60.0,0.598622729020682,0.6072704510399534,0.6043878770335296,0.401377270979318,0.3927295489600466,5
AK_model_30,/home/lyara/areswave/models_short/AK_model_30.nd,nd,UNK,,,1083.305,60.0,820.426,26.28800000000001,1083.305,60.0,1293.608,52.57600000000002,1687.417,60.0,0.5589861029290208,0.6290659197792665,0.6057059808291846,0.44101389707097916,0.3709340802207335,5
Geophysical_model90,/home/lyara/areswave/models_short/Geophysical_model90.nd,nd,UNK,,,949.68,60.0,900.0,190.49400000000003,949.68,60.0,1115.279,16.559999999999945,1677.528,60.0,0.47678339017422344,0.6706664987456572,0.6060387958885126,0.5232166098257768,0.3293335012543428,5
AK_model_90,/home/lyara/areswave/models_short/AK_model_90.nd,nd,UNK,,,1066.591,60.0,798.434,26.81600000000003,1066.591,60.0,1281.116,26.815000000000055,1705.618,60.0,0.6506392031573095,0.5844200384735775,0.6064930933681548,0.3493607968426905,0.4155799615264225,5
Geophysical_model300,/home/lyara/areswave/models_short/Geophysical_model300.nd,nd,UNK,,,1033.261,60.0,900.0,184.61199999999997,1033.261,60.0,1133.207,33.315000000000055,1681.067,60.0,0.5149573797368732,0.6532914741090404,0.607180109318318,0.48504262026312706,0.3467085258909597,5
TAYAK,/home/lyara/areswave/models_short/TAYAK.nd,nd,UNK,,,1050.745,60.0,855.661,19.508000000000038,1050.745,60.0,1245.83,58.52600000000007,1596.982,19.509000000000015,0.6818259760581034,0.5739896151011018,0.6099350687534356,0.3181740239418967,0.4260103848988983,5
Geophysical_model250,/home/lyara/areswave/models_short/Geophysical_model250.nd,nd,UNK,,,1033.261,60.0,900.0,182.41499999999996,1033.261,60.0,1133.207,33.315000000000055,1681.067,60.0,0.5860778841840685,0.629178245532563,0.6148114584163982,0.4139221158159315,0.370821754467437,5
Geophysical_model130,/home/lyara/areswave/models_short/Geophysical_model130.nd,nd,UNK,,,1031.687,60.0,900.0,185.29399999999998,1031.687,60.0,1130.452,32.922000000000025,1673.94,60.0,0.6097185227709476,0.6178206223008628,0.6151199224575578,0.3902814772290523,0.3821793776991372,5
Geophysical_model630,/home/lyara/areswave/models_short/Geophysical_model630.nd,nd,UNK,,,916.693,60.0,877.619,179.04700000000003,916.693,60.0,1117.015,33.386000000000195,1682.363,60.0,0.6008864366181316,0.6241008386898257,0.6163627046659276,0.39911356338186843,0.3758991613101743,5
Geophysical_model560,/home/lyara/areswave/models_short/Geophysical_model560.nd,nd,UNK,,,1099.489,60.0,900.0,21.346000000000004,1099.489,60.0,1116.113,16.624000000000024,1679.849,60.0,0.5201169000915296,0.6686568580735635,0.6191435387462189,0.47988309990847045,0.33134314192643644,5
Geophysical_model420,/home/lyara/areswave/models_short/Geophysical_model420.nd,nd,UNK,,,1047.083,60.0,900.0,187.13800000000003,1047.083,60.0,1145.138,32.684999999999945,1669.654,60.0,0.4870837150089195,0.6871044436515007,0.620430867437307,0.5129162849910804,0.31289555634849925,5
Geophysical_model800,/home/lyara/areswave/models_short/Geophysical_model800.nd,nd,UNK,,,1088.334,60.0,900.0,20.74000000000001,1088.334,60.0,1105.456,17.121000000000095,1697.857,60.0,0.5306560544905633,0.6660256757659211,0.6209024686741351,0.4693439455094367,0.33397432423407886,5
ceylan,/home/lyara/areswave/models_short/ceylan.nd,nd,UNK,,,1086.523,60.0,887.59,24.865999999999985,1086.523,60.0,1285.455,24.866999999999962,1666.648,60.0,0.5662066494832452,0.651544785904567,0.623098740430793,0.4337933505167548,0.3484552140954329,5
MD_model20,/home/lyara/areswave/models_short/MD_model20.nd,nd,UNK,,,1028.07,60.0,756.946,192.04600000000005,1028.07,60.0,1299.193,22.593000000000075,1694.594,60.0,0.49880394770225933,0.6853733771379056,0.6231835673260235,0.5011960522977407,0.3146266228620944,5
MD_model70,/home/lyara/areswave/models_short/MD_model70.nd,nd,UNK,,,1005.796,60.0,809.43,10.335000000000036,1005.796,60.0,1243.502,165.3610000000001,1592.774,60.0,0.5435034903816607,0.6638349229136032,0.6237244454029557,0.45649650961833926,0.33616507708639665,5
Geophysical_model330,/home/lyara/areswave/models_short/Geophysical_model330.nd,nd,UNK,,,1047.741,60.0,900.0,190.02200000000005,1047.741,60.0,1146.235,32.830999999999904,1672.304,60.0,0.5638649077937041,0.6555212550468259,0.6249691392957853,0.4361350922062959,0.34447874495317415,5
Geophysical_model570,/home/lyara/areswave/models_short/Geophysical_model570.nd,nd,UNK,,,933.815,60.0,879.527,184.25300000000004,933.815,60.0,1119.798,33.81499999999983,1690.116,60.0,0.5722723385456071,0.6526850726387975,0.6258808279410674,0.4277276614543929,0.3473149273612025,5
MD_model100,/home/lyara/areswave/models_short/MD_model100.nd,nd,UNK,,,1053.462,60.0,725.562,190.39299999999992,1053.462,60.0,1275.587,31.73199999999997,1609.919,60.0,0.6009188402460046,0.643749276716538,0.6294724645596935,0.39908115975399533,0.3562507232834619,5
Geophysical_model720,/home/lyara/areswave/models_short/Geophysical_model720.nd,nd,UNK,,,933.975,60.0,879.241,186.83299999999997,933.975,60.0,1120.837,33.975000000000136,1693.011,60.0,0.5706628817369465,0.6598594729092933,0.6301272758518444,0.4293371182630536,0.3401405270907068,5
MD_model10,/home/lyara/areswave/models_short/MD_model10.nd,nd,UNK,,,1002.201,60.0,801.147,10.581999999999994,1002.201,60.0,1245.582,137.56400000000008,1611.713,60.0,0.5607069587783629,0.6705068523314213,0.6339068878137352,0.4392930412216371,0.32949314766857885,5
AK_model_10,/home/lyara/areswave/models_short/AK_model_10.nd,nd,UNK,,,1032.783,60.0,836.001,24.597999999999956,1032.783,60.0,1278.762,73.79399999999987,1680.778,60.0,0.5302351040363092,0.6857526311998704,0.6339134554786834,0.4697648959636907,0.3142473688001296,5
AK_model_50,/home/lyara/areswave/models_short/AK_model_50.nd,nd,UNK,,,1030.878,60.0,805.605,25.029999999999973,1030.878,60.0,1281.182,100.12200000000007,1687.443,60.0,0.5837554623242937,0.6646592370894007,0.6376913121676983,0.41624453767570635,0.33534076291059933,5
MD_model60,/home/lyara/areswave/models_short/MD_model60.nd,nd,UNK,,,1089.018,60.0,853.974,190.274,1089.018,60.0,1122.596,11.192999999999984,1672.31,60.0,0.542758143706265,0.6895883850336516,0.640644971257856,0.457241856293735,0.3104116149663484,5
Geophysical_model390,/home/lyara/areswave/models_short/Geophysical_model390.nd,nd,UNK,,,1033.228,60.0,900.0,182.29700000000003,1033.228,60.0,1133.149,33.307000000000016,1680.916,60.0,0.599577293491838,0.6631467134798302,0.6419569068171661,0.40042270650816203,0.3368532865201698,5
Geophysical_model680,/home/lyara/areswave/models_short/Geophysical_model680.nd,nd,UNK,,,1099.489,60.0,900.0,21.152000000000044,1099.489,60.0,1116.113,16.624000000000024,1679.849,60.0,0.6526627745560292,0.6402024472078741,0.6443558896572591,0.3473372254439707,0.3597975527921259,5
Geophysical_model580,/home/lyara/areswave/models_short/Geophysical_model580.nd,nd,UNK,,,900.0,60.0,900.0,185.40200000000004,900.0,60.0,1106.136,17.17800000000011,1699.91,60.0,0.6038601868461054,0.6866571664391,0.6590581732414352,0.39613981315389457,0.3133428335609,5
